66,61,44,26,101,101,95,19,33,77,105,24,28,27,19,30
102,102,97,18,69,63,47,25,33,77,105,24,29,29,20,31
69,63,47,25,30,29,20,31,33,77,104,24,102,103,97,18
65,60,44,26,33,77,104,24,101,101,95,20,28,27,19,28
29,28,20,29,67,61,45,25,33,77,104,24,101,102,95,19
101,102,95,19,33,77,104,24,29,28,20,29,66,61,45,26
101,102,96,19,67,61,46,26,29,28,20,29,33,77,104,24
101,102,95,19,33,77,104,24,67,61,46,26,29,29,20,29
68,61,47,25,33,77,104,24,30,29,20,29,102,102,95,19
30,29,20,29,102,102,95,19,68,61,47,26,33,77,104,24
32,77,104,24,68,61,47,26,30,29,20,29,101,102,96,19
101,102,96,19,69,61,47,25,30,30,20,29,32,77,104,24
31,31,21,31,102,103,97,19,32,77,104,24,71,63,48,24
44,85,112,15,96,92,80,28,40,37,27,43,23,68,92,12
30,30,20,29,101,102,96,19,69,61,47,25,33,77,104,25
32,77,104,25,68,60,47,25,30,30,20,29,101,102,95,20
68,60,47,25,30,30,20,29,101,102,95,20,32,77,104,25
97,93,82,28,41,82,110,17,41,37,27,43,23,66,87,10
69,61,48,25,32,76,104,25,30,30,20,29,101,102,96,20
71,62,48,24,102,103,97,19,31,31,21,30,32,76,104,25
31,31,21,30,32,76,104,25,72,63,49,24,102,103,98,19
71,62,48,24,102,103,97,19,32,76,104,25,31,31,21,30
102,102,96,19,32,76,104,25,31,31,21,30,70,62,48,24
31,32,21,30,32,76,104,25,72,63,49,24,102,103,97,19
70,61,47,24,102,102,96,19,32,76,104,25,31,31,20,29
102,102,96,19,32,76,104,25,70,61,48,25,31,31,20,29
73,63,49,24,32,76,103,25,102,103,98,18,32,32,21,31
70,61,48,25,32,76,104,25,102,102,96,19,31,31,20,29
70,61,48,25,32,76,104,25,102,102,96,19,31,31,20,29
31,31,20,29,70,61,48,24,32,76,104,25,102,102,96,19
71,62,48,24,102,103,97,18,30,31,20,30,32,76,104,25
70,61,48,24,102,102,96,19,30,31,20,30,32,76,104,25
70,61,47,24,30,30,20,29,102,102,96,19,32,76,104,25
32,76,104,25,102,102,96,19,70,61,47,24,30,30,20,29
102,102,96,19,32,76,104,25,70,61,47,24,30,31,20,30
32,76,104,25,102,102,95,20,69,60,47,25,30,30,19,29
102,102,95,19,69,60,47,25,32,76,104,25,30,30,19,29
102,102,96,19,70,61,48,25,32,76,104,25,30,31,20,29
102,102,96,19,32,76,104,25,70,61,48,25,30,31,20,29
71,61,48,24,31,31,20,29,102,102,96,19,32,76,104,25
31,32,21,30,102,103,98,19,73,63,49,24,32,75,103,25
70,61,48,25,102,102,96,20,30,31,20,29,32,75,103,25
32,75,103,25,102,103,97,19,31,31,21,30,72,62,49,24
71,61,48,24,102,102,96,19,31,31,20,30,32,75,103,25
32,76,104,25,102,102,96,19,71,61,48,24,31,31,20,30
102,102,96,19,71,61,48,24,31,31,20,30,32,76,104,25
103,103,97,19,32,32,21,31,32,76,103,25,73,63,50,24
71,61,48,24,32,76,103,25,31,31,21,29,102,102,96,19
70,61,48,24,30,31,20,29,102,102,96,19,32,76,103,25
70,61,48,24,30,30,20,29,32,76,103,25,102,102,95,20
31,31,21,30,72,63,49,24,102,103,97,19,32,76,103,25
32,76,103,25,69,61,47,25,30,30,20,29,102,102,95,20
102,102,94,20,32,76,104,25,68,60,46,25,30,29,19,29
32,76,103,24,30,29,19,29,68,60,46,25,102,102,95,20
102,102,94,20,32,76,103,24,68,60,46,25,30,29,19,29
32,76,103,24,31,31,21,31,103,103,97,19,72,63,48,24
69,60,47,25,30,29,19,29,102,102,95,20,32,76,103,24
70,61,47,25,32,76,103,24,102,103,96,19,30,30,20,30
102,102,96,20,30,29,20,29,32,76,103,24,69,61,47,25
32,77,103,24,68,60,46,26,30,29,19,29,102,102,95,20
32,77,105,23,68,62,44,25,102,102,96,20,28,27,18,30
102,103,97,19,29,28,19,30,69,63,45,25,32,77,105,23
33,78,105,23,67,61,44,26,28,27,18,29,102,102,95,20
33,78,105,23,102,102,95,20,66,61,44,26,28,27,18,29
67,61,44,26,28,27,18,29,33,78,105,23,102,102,96,20
66,61,44,27,33,78,105,23,102,102,95,20,28,27,18,29
102,102,95,20,67,61,45,26,33,78,105,23,29,27,19,29
102,103,97,20,32,77,104,22,29,28,19,30,69,62,46,26
102,103,97,19,30,29,20,31,70,63,47,26,32,77,104,22
101,102,95,20,33,77,104,22,67,61,44,27,28,27,19,29
33,77,104,22,29,28,20,30,69,63,46,26,102,102,97,19
67,61,44,27,102,102,95,20,28,27,19,29,33,77,104,22
69,62,45,26,33,77,104,22,29,28,20,30,102,102,96,20
28,27,20,29,102,102,95,20,33,77,104,22,67,61,44,27
101,102,95,21,67,61,44,27,28,27,20,29,33,77,104,22
29,27,20,29,67,61,45,27,101,102,95,20,33,77,104,22
70,63,46,26,33,76,103,22,102,103,97,19,30,29,21,30
101,101,94,20,67,60,44,27,33,76,103,22,28,27,20,28
101,102,95,20,32,76,103,22,29,28,20,29,68,61,45,27
32,76,103,22,102,103,96,19,30,29,21,30,70,63,47,26
102,103,96,19,32,76,103,22,30,29,21,30,70,63,47,26
68,61,45,26,101,102,95,20,29,28,20,29,32,76,103,22
67,60,45,27,101,101,94,20,32,76,103,22,29,27,20,29
29,27,20,29,32,76,103,22,67,60,45,27,101,101,94,20
101,101,94,20,67,60,45,27,32,76,103,22,29,27,20,29
67,60,45,27,29,27,20,29,101,101,94,20,32,76,103,22
101,101,93,20,67,60,45,27,29,27,20,29,33,77,103,23
29,27,20,29,101,101,93,20,33,77,103,23,67,60,45,26
33,77,103,23,101,101,93,20,67,60,45,26,29,27,20,29
33,77,103,23,67,59,45,26,101,101,93,20,29,27,20,29
33,77,103,23,101,101,93,20,67,59,45,26,29,27,20,29
102,102,95,19,33,77,103,23,30,29,21,30,70,61,46,26
33,77,103,23,101,101,93,20,67,59,45,26,29,27,20,29
33,77,103,23,29,27,20,29,101,101,93,20,67,59,45,26
101,101,93,20,33,77,103,23,67,59,45,26,29,27,20,29
68,59,45,26,33,77,103,23,101,101,93,20,29,28,20,29
33,77,103,23,68,60,46,26,30,28,20,30,101,101,93,20
33,77,103,23,71,62,48,25,102,102,95,19,31,29,21,31
70,61,47,25,102,102,94,19,33,77,103,24,30,29,21,30
68,59,46,25,30,28,20,29,101,101,93,20,33,77,103,24
101,101,94,19,33,77,103,24,30,29,21,30,70,61,47,25
101,100,92,20,33,77,103,24,67,59,45,26,29,27,20,29
71,62,47,25,101,101,95,19,33,77,103,24,30,29,21,31
71,62,47,25,101,101,95,19,33,77,103,24,30,29,21,31
33,77,103,24,101,101,95,19,31,29,21,31,71,62,47,25
30,29,21,31,33,77,104,24,101,101,95,19,71,62,47,25
71,61,47,25,33,77,104,24,30,29,21,30,101,101,95,19
33,77,104,24,101,101,93,19,68,60,45,26,29,27,20,29
101,100,93,20,33,77,104,24,68,59,45,26,29,27,20,29
68,59,45,26,34,77,104,24,29,27,20,29,101,100,93,19
34,77,104,24,101,100,93,19,68,59,45,26,29,27,20,29
70,61,47,25,101,101,94,19,34,77,104,24,30,28,21,30
34,77,104,23,68,59,45,26,101,100,92,20,29,27,20,29
101,100,92,20,34,77,104,23,29,27,20,29,68,59,46,26
68,59,46,26,34,77,104,23,29,27,20,29,101,101,93,19
67,58,45,26,29,27,20,29,34,77,104,23,101,100,92,20
70,60,47,25,101,101,94,19,30,28,21,30,34,77,104,23
68,59,46,26,29,27,20,29,34,77,104,23,101,101,93,19
68,59,46,26,29,27,20,30,34,77,104,23,101,101,93,19
101,101,93,19,29,27,20,30,68,59,46,26,34,77,104,23
27,26,19,31,101,101,95,18,68,61,44,26,35,78,106,23
27,24,18,30,65,59,42,27,101,100,93,19,35,78,106,22
35,78,106,22,65,59,43,27,27,25,18,30,101,101,93,19
27,24,18,30,101,100,92,20,64,59,42,27,35,78,106,22
28,26,19,31,102,102,95,19,68,61,45,27,35,78,106,21
65,59,43,27,101,101,92,20,28,25,18,30,36,78,106,21
64,59,43,28,36,78,106,21,101,100,92,20,28,25,18,29
65,60,44,28,36,78,105,20,28,26,18,30,101,101,93,20
102,102,95,20,29,27,19,31,36,78,105,20,68,62,45,27
35,78,105,19,67,61,44,28,29,26,19,31,102,101,95,20
29,26,19,30,36,79,105,19,102,101,93,21,65,60,44,28
30,27,20,32,35,79,105,18,67,62,45,28,102,102,95,20
29,26,19,31,102,101,93,21,65,60,44,29,36,79,105,18
65,60,44,29,29,27,19,31,102,101,93,21,36,79,105,18
67,62,45,29,30,28,20,32,102,102,95,20,35,79,104,17
31,29,20,33,69,63,46,28,102,102,96,20,35,78,104,17
30,28,20,32,67,62,45,29,102,102,95,20,36,78,104,17
101,101,93,21,65,59,43,30,29,27,19,30,36,79,104,16
64,59,43,30,29,27,19,30,36,79,104,16,101,101,92,21
35,78,104,16,65,60,43,30,101,101,92,21,30,27,20,31
101,101,92,21,65,60,43,30,30,27,20,31,35,78,104,16
63,59,42,31,101,100,90,22,29,26,19,30,36,78,104,16
35,78,104,16,63,59,41,31,29,26,19,30,101,100,90,22
35,78,104,16,64,60,42,30,30,26,19,30,101,101,91,21
31,28,20,33,102,102,93,20,68,62,44,29,35,78,104,16
74,92,99,35,63,51,50,26,30,23,19,28,59,87,20,9
63,59,41,31,35,78,104,16,30,25,19,30,101,100,90,22
101,100,90,22,63,59,41,31,36,78,104,16,29,25,19,30
65,60,42,30,30,26,19,31,36,78,103,15,102,101,91,21
102,101,92,20,67,62,43,29,36,77,102,16,31,27,20,33
67,63,42,30,36,76,102,16,102,101,93,20,31,27,20,33
101,100,90,21,63,60,40,31,36,76,102,15,30,25,19,30
63,60,40,31,36,76,102,15,101,99,89,21,30,25,19,30
101,100,90,21,63,60,40,31,36,76,101,16,30,24,19,30
36,75,101,16,64,61,40,31,101,100,91,21,31,25,20,31
62,60,39,32,101,99,89,22,36,75,101,16,30,24,19,29
62,61,39,31,101,99,89,21,31,24,19,29,36,76,101,16
102,101,93,20,68,64,42,29,36,76,101,16,32,28,21,33
101,99,90,21,36,76,102,16,63,61,39,31,31,25,20,29
36,81,20,9,68,92,103,30,84,68,53,24,37,27,26,36
101,99,89,22,63,61,38,31,36,76,102,16,31,25,20,29
32,28,21,32,68,63,41,30,36,75,101,17,101,101,92,20
36,76,101,17,101,101,93,20,33,29,21,33,69,64,42,29
63,62,38,31,36,75,101,17,100,99,89,21,32,25,21,29
33,28,21,31,67,64,41,29,36,75,101,17,101,101,92,20
101,101,92,20,36,76,101,18,67,64,41,29,33,28,21,31
34,25,25,31,38,82,21,10,79,61,50,24,69,92,101,33
33,29,22,32,36,76,101,18,68,64,41,28,101,101,92,20
100,98,88,22,32,22,21,26,37,76,101,19,60,61,36,32
60,62,36,32,37,76,101,19,32,22,21,25,100,99,88,22
60,62,35,32,100,98,88,22,37,76,102,19,32,22,21,25
32,22,21,25,100,98,88,22,37,76,102,19,60,62,35,32
32,22,21,25,60,62,35,32,38,76,102,19,100,99,87,22
69,64,40,29,37,76,102,19,33,30,21,31,101,101,91,20
101,99,89,21,38,76,102,19,62,64,35,32,33,23,21,26
83,64,50,24,35,25,26,31,38,83,20,11,68,92,102,32
33,22,20,25,37,75,101,19,101,100,90,21,62,63,35,32
32,22,20,25,37,75,101,19,62,63,35,32,101,100,90,21
32,22,20,25,37,75,102,19,101,99,89,22,61,62,35,32
33,23,20,26,36,75,102,19,101,100,90,21,63,64,35,32
101,99,89,21,61,63,33,32,37,77,104,19,30,21,19,26
101,99,89,21,36,77,104,19,61,63,33,32,30,21,19,26
41,86,16,10,81,62,49,24,67,92,103,33,33,25,24,31
36,77,104,19,32,22,20,26,63,64,34,32,101,100,89,21
65,92,105,31,40,85,17,10,35,26,24,32,84,66,51,25
33,23,20,26,36,77,104,19,63,65,34,32,101,100,90,21
101,100,89,21,32,22,19,25,36,77,104,19,63,63,34,32
40,85,17,9,84,65,50,25,35,26,24,31,65,92,104,32
101,100,89,21,33,23,20,25,63,63,35,32,36,77,104,20
34,29,20,29,69,65,40,29,35,77,104,20,102,102,92,20
33,23,20,25,35,77,104,20,101,100,89,21,63,63,35,32
35,77,104,20,101,100,89,21,63,63,36,32,33,23,19,25
35,77,104,20,33,23,20,25,101,100,89,21,64,63,36,31
101,101,92,20,67,65,38,30,34,77,104,20,34,26,20,27
34,77,103,20,68,65,38,30,34,26,20,27,101,101,93,20
33,23,19,25,101,100,91,21,34,77,104,21,65,63,36,32
34,77,104,21,64,62,37,32,101,100,90,20,33,23,19,25
33,77,104,21,102,102,94,18,34,28,20,30,70,65,41,29
34,78,104,21,64,62,37,32,33,23,19,26,101,99,90,20
100,99,89,20,64,62,37,31,34,77,104,20,32,23,19,26
33,24,20,27,34,77,104,20,100,100,91,19,66,63,38,31
64,62,37,32,34,78,104,20,100,99,89,20,32,23,19,26
100,99,89,20,63,62,37,32,35,78,105,20,32,23,19,27
35,78,105,20,100,99,89,20,63,61,38,32,32,23,19,26
100,99,88,20,35,78,105,20,32,23,19,26,62,61,38,32
68,63,42,29,35,78,105,20,101,101,92,18,33,28,20,31
81,68,47,20,103,107,95,24,37,82,110,31,29,33,23,22
37,82,110,32,81,68,47,20,103,107,94,24,29,33,24,22
102,107,95,24,37,82,109,33,82,69,47,20,30,34,25,22
84,71,47,20,102,107,96,24,36,81,108,33,30,35,26,22
102,107,96,23,30,34,25,22,84,72,47,19,36,81,108,34
82,71,46,19,29,33,24,22,35,81,108,35,102,107,95,23
102,107,94,23,35,81,108,35,28,31,23,21,80,70,46,19
80,71,47,19,34,80,108,36,28,30,22,20,102,107,95,23
34,81,108,37,29,30,22,19,103,108,96,23,81,71,48,19
77,68,47,19,28,28,21,17,102,107,94,25,34,81,109,38
77,68,48,18,33,81,109,38,28,28,21,17,102,107,94,25
76,68,49,18,27,28,21,17,33,81,109,38,102,108,95,25
34,81,109,39,76,68,49,18,102,108,95,25,28,28,22,16
74,67,50,18,27,28,22,16,102,108,95,26,33,80,109,39
33,80,108,39,28,29,24,17,76,69,50,18,102,108,97,25
28,28,23,17,75,69,50,18,32,79,108,39,102,108,97,24
39,36,29,24,43,88,115,20,100,100,83,32,26,72,98,22
27,28,23,16,32,79,107,40,103,108,97,24,77,70,49,18
27,29,23,16,103,108,97,24,77,70,49,18,32,79,108,40
76,70,49,18,32,79,108,40,26,29,23,16,103,108,97,24
32,79,108,41,77,72,50,17,26,30,24,16,103,108,97,24
103,108,96,24,32,79,108,41,72,69,48,17,24,28,22,15
25,30,23,17,104,108,96,24,75,71,49,16,31,79,108,41
103,109,97,23,25,30,23,18,76,71,49,16,31,78,108,41
30,79,108,41,23,27,21,17,72,69,47,17,103,108,97,23
24,28,22,18,76,71,47,16,30,78,107,41,103,108,97,23
103,109,97,23,24,27,22,17,30,78,107,41,75,71,47,16
73,69,47,16,30,78,107,42,103,108,96,23,24,26,21,17
23,26,21,16,72,68,48,17,30,78,107,42,103,108,96,23
30,78,107,41,72,67,49,16,24,26,21,16,103,108,95,24
103,108,95,25,30,78,107,41,71,65,49,17,24,26,21,16
25,27,22,16,30,78,106,41,103,108,96,24,73,66,50,17
75,66,50,17,103,108,97,24,30,78,106,40,25,27,23,16
29,78,106,40,75,66,49,17,25,26,22,16,102,108,97,25
25,26,22,16,29,78,106,40,102,108,97,25,75,67,49,17
29,77,106,40,75,67,50,17,25,25,22,16,102,108,97,25
29,77,106,39,74,67,50,17,25,25,22,16,103,108,97,26
74,67,50,18,25,26,23,16,103,108,97,26,29,77,106,39
26,27,23,16,75,68,51,18,29,77,106,38,102,108,98,26
102,108,97,26,73,66,51,18,29,77,106,38,25,26,22,16
28,77,106,38,73,67,51,18,25,26,23,16,102,107,97,25
75,68,52,18,103,108,98,24,26,26,23,17,28,77,106,38
62,100,114,9,37,35,30,25,26,74,103,34,101,98,81,30
74,67,51,19,29,77,106,38,103,108,97,24,26,26,23,17
74,67,51,19,26,27,22,17,29,77,107,38,103,107,96,24
29,77,107,38,74,67,51,19,26,27,22,17,103,108,97,24
103,107,96,24,29,77,107,38,73,66,51,18,26,28,23,18
29,77,107,37,25,28,22,18,104,107,96,24,73,66,51,19
73,66,51,19,25,28,22,18,30,78,107,37,104,107,96,24
104,107,96,24,74,66,50,19,25,28,21,19,30,78,107,37
74,66,50,19,104,107,96,24,25,29,21,19,30,78,108,36
26,29,22,20,30,78,108,36,76,68,50,19,104,108,96,23
76,68,50,19,26,30,21,20,104,108,96,23,31,78,108,36
75,67,49,19,31,79,108,36,104,108,96,23,25,30,21,20
32,79,108,37,74,66,48,19,104,108,95,23,25,30,21,20
104,108,96,23,32,79,108,37,25,30,21,20,76,67,48,19
31,79,108,36,75,67,48,18,25,30,21,20,104,108,95,23
103,108,96,23,31,79,108,36,26,31,21,21,76,68,48,18
76,68,48,18,103,108,96,23,26,31,21,21,31,79,108,36
77,68,48,18,102,108,96,23,26,32,21,21,31,79,108,36
101,108,97,22,80,70,48,16,26,32,21,22,32,79,109,37
32,79,109,37,79,69,48,17,101,108,97,23,25,32,21,22
79,69,47,16,101,108,96,23,25,33,21,21,32,80,109,37
80,69,48,16,25,33,21,21,33,80,109,37,101,108,97,23
33,80,108,36,26,34,21,21,81,69,48,17,102,108,97,23
27,34,22,21,33,80,108,36,101,108,98,23,82,70,48,17
82,70,47,17,33,79,108,37,101,107,98,23,27,35,22,21
33,80,109,37,83,71,47,17,28,35,23,21,101,107,98,23
101,107,98,23,33,80,108,37,83,71,47,17,28,35,23,21
85,72,47,17,101,108,99,22,33,79,108,36,29,36,23,22
32,79,108,36,28,35,22,21,101,107,98,23,84,72,46,18
100,107,99,22,32,79,108,37,86,73,47,17,29,36,23,22
85,72,47,17,32,79,107,37,28,35,23,21,101,107,98,22
28,35,23,21,32,79,107,38,101,107,98,22,84,71,46,17
83,71,46,17,27,35,22,21,31,79,107,38,101,107,97,22
84,71,47,17,31,79,107,38,100,107,98,22,27,35,22,21
27,36,23,22,84,71,47,17,31,79,107,38,101,107,98,21
83,70,47,17,31,78,107,38,27,36,22,21,101,107,97,22
100,108,99,21,31,78,107,38,85,72,47,17,27,36,22,22
83,71,46,16,101,107,98,21,31,78,107,39,27,36,22,22
100,107,97,21,30,78,107,39,84,71,46,16,27,36,22,22
30,78,107,40,100,107,97,20,84,72,46,16,27,37,22,22
100,107,97,20,26,37,21,21,84,72,46,16,30,78,107,41
100,107,96,21,25,37,20,20,30,77,107,42,82,71,44,15
30,77,107,43,83,72,44,15,25,38,20,20,100,107,96,20
30,77,106,45,100,106,96,20,25,38,20,19,84,73,43,14
86,76,43,13,29,77,106,46,99,107,98,20,25,39,20,19
85,76,41,12,25,38,19,19,29,77,107,47,99,107,97,20
26,39,20,19,28,76,106,48,99,107,98,19,88,79,41,12
87,79,42,12,97,108,99,20,28,76,106,48,26,38,19,18
97,108,99,21,86,79,42,12,27,38,20,17,28,76,106,49
96,108,99,21,86,80,42,12,27,38,21,17,28,76,105,48
29,76,105,49,87,80,43,12,27,37,21,16,97,109,99,20
26,34,21,15,83,79,43,12,97,108,98,20,28,76,106,50
81,77,42,12,25,31,20,14,97,108,97,20,28,76,106,51
82,78,41,12,28,76,105,52,24,28,20,13,97,109,98,20
82,79,42,12,97,109,99,20,28,76,105,53,24,27,20,12
84,80,42,12,97,109,99,20,28,76,105,54,23,26,20,12
28,76,105,54,97,109,99,19,84,80,40,12,23,25,19,13
28,76,104,54,97,109,100,18,87,82,39,12,23,26,19,14
28,75,104,54,86,81,39,12,22,26,19,15,97,109,100,18
98,109,99,18,28,75,104,53,83,80,39,12,21,26,19,15
84,80,39,11,98,109,99,17,27,75,104,54,20,25,19,15
97,109,99,17,27,75,104,54,83,80,40,12,19,25,18,16
19,25,18,16,27,74,104,54,82,79,40,11,97,109,98,17
78,77,41,12,98,108,97,17,18,25,17,16,27,74,104,54
18,25,18,16,80,77,42,12,97,109,99,17,27,74,103,53
78,77,42,11,18,26,18,16,26,73,104,54,97,108,98,17
98,108,99,16,19,26,19,16,79,77,43,12,26,73,104,55
78,77,44,12,19,26,19,15,97,108,99,16,26,73,104,55
80,77,43,11,98,108,100,16,26,73,103,55,19,27,20,16
81,76,44,11,19,27,19,16,98,108,100,16,26,73,103,55
99,108,100,16,80,76,44,12,19,26,19,16,26,73,103,55
99,107,100,16,26,72,103,54,77,74,46,13,19,26,19,15
19,26,19,15,98,107,101,16,79,74,48,13,26,72,103,54
99,106,101,17,20,27,19,15,25,72,103,53,80,75,48,13
21,27,20,15,25,72,103,53,99,107,101,17,81,75,49,13
22,27,20,15,81,75,49,13,100,106,99,17,25,72,103,53
23,27,20,15,99,106,98,17,79,72,48,15,25,72,103,51
23,28,20,15,25,72,104,49,78,71,49,16,99,106,98,18
97,105,99,19,25,73,104,47,76,69,48,16,23,28,19,16
75,68,48,17,25,73,104,45,98,105,98,19,22,29,19,17
22,30,19,17,26,74,105,43,99,105,98,19,76,68,49,18
74,67,48,19,26,74,105,41,21,31,18,17,99,105,97,21
76,67,49,19,26,75,105,39,22,33,19,19,100,105,98,21
101,105,97,22,27,75,105,36,75,66,49,21,22,35,18,19
76,67,50,22,28,76,106,34,102,105,98,22,23,37,19,20
103,105,97,23,75,66,49,22,23,37,19,20,29,77,107,32
29,77,107,30,76,66,49,23,103,105,98,24,24,37,19,21
29,77,107,27,103,105,98,24,26,37,20,22,78,66,50,25
30,77,106,25,78,66,50,26,104,105,98,25,28,36,21,22
80,66,51,27,31,36,23,24,104,105,99,25,30,77,106,23
104,105,99,25,82,67,52,27,31,78,106,22,34,35,24,24
104,104,98,26,31,78,106,21,36,34,25,24,82,65,51,28
82,65,51,28,105,104,98,25,32,78,106,20,37,33,26,25
83,65,51,28,105,104,98,25,31,77,106,20,38,32,27,26
81,63,49,28,31,77,107,19,105,103,97,25,37,30,26,26
104,103,97,25,30,76,106,18,82,63,49,28,37,30,25,26
30,77,106,18,37,30,24,26,82,62,48,28,104,103,96,25
104,104,97,24,38,31,25,28,83,64,49,29,30,76,106,18
104,102,95,25,81,61,47,29,30,76,106,18,35,30,23,26
34,30,23,27,103,102,94,25,81,60,46,28,30,76,105,18
31,76,105,18,104,103,95,24,82,62,47,28,35,31,23,28
35,31,23,29,103,102,95,24,82,61,46,28,31,76,104,18
34,31,23,29,31,75,104,18,103,102,94,24,81,61,45,28
30,75,104,17,103,102,94,24,81,60,45,28,34,32,22,30
80,59,44,28,33,32,22,30,102,101,93,23,30,75,104,17
102,101,93,23,80,59,45,28,33,32,22,31,31,75,104,17
31,75,104,17,103,102,94,22,34,33,22,32,81,60,46,28
81,60,45,27,34,33,22,33,103,102,94,22,31,74,103,17
102,101,92,22,79,58,44,28,33,32,21,32,31,74,103,16
102,100,92,22,79,58,44,27,33,32,21,32,31,74,103,16
34,33,22,34,31,74,103,16,81,59,45,27,102,101,94,21
102,101,93,22,31,74,103,16,33,32,21,33,79,58,44,27
102,101,93,22,80,59,45,27,31,74,102,16,33,32,21,34
33,32,21,34,31,74,101,16,102,100,92,23,79,57,44,26
102,101,92,22,79,57,44,26,33,32,21,34,32,74,101,16
102,101,93,22,80,57,44,26,33,32,21,34,31,74,101,16
102,100,92,23,31,74,101,16,79,57,44,26,33,32,21,34
31,74,101,16,32,32,21,33,102,101,93,23,79,57,44,26
102,101,92,23,78,56,44,26,31,74,101,16,32,33,21,33
79,57,44,26,31,74,101,16,102,101,93,23,32,33,21,33
80,58,45,25,32,74,101,16,102,101,93,22,33,33,22,34
102,101,92,23,79,57,44,25,31,74,100,16,32,33,22,34
31,74,100,17,33,33,22,34,102,102,94,22,81,59,45,25
32,74,100,17,102,102,93,22,81,59,45,25,33,33,22,34
78,57,44,26,32,74,100,16,102,101,92,23,32,32,21,33
79,57,44,26,32,74,100,16,32,32,22,33,102,101,92,23
78,57,44,26,102,101,92,23,32,74,100,16,32,32,21,33
106,109,93,28,23,22,22,28,58,89,112,20,72,58,51,21
72,58,51,21,23,22,22,29,58,89,112,20,106,109,93,28
24,23,23,30,75,60,52,21,57,88,112,20,105,110,95,27
24,23,22,29,58,89,112,20,106,109,93,27,73,58,51,21
106,109,93,28,72,57,51,21,24,23,22,29,58,89,112,20
73,58,52,21,58,89,112,20,106,109,93,27,24,23,23,29
58,89,112,20,24,23,23,29,105,109,93,28,72,57,51,21
24,23,23,29,71,57,51,21,105,109,93,28,58,89,112,20
105,109,92,28,58,89,112,20,71,57,51,21,24,24,23,29
72,58,51,21,24,24,23,29,105,109,93,28,58,89,112,20
73,58,52,21,58,89,112,19,105,110,93,28,25,24,23,30
25,24,24,30,58,89,111,20,105,110,93,28,73,58,52,21
25,24,23,29,72,57,51,21,57,88,111,19,105,109,93,29
25,24,24,29,73,57,51,21,105,110,93,29,57,88,110,19
105,110,93,29,26,25,24,29,57,88,110,19,73,58,52,21
56,88,110,19,26,25,24,29,105,110,93,30,73,58,52,21
26,25,24,29,55,87,109,18,104,110,94,30,74,59,52,21
56,87,109,19,75,59,52,20,105,110,93,30,26,26,25,29
76,59,53,20,55,86,108,19,104,111,94,31,27,26,25,28
57,88,109,20,26,26,25,27,73,57,52,20,105,110,91,31
105,110,91,31,57,88,109,20,27,26,25,27,73,58,52,20
57,88,109,20,104,110,91,31,74,58,52,20,27,26,25,27
76,59,52,20,57,88,109,21,105,111,91,31,27,27,26,27
104,112,93,30,29,27,27,28,56,87,108,21,80,62,53,20
56,87,108,21,80,62,53,19,29,27,27,27,104,112,93,31
105,111,91,31,57,88,109,22,28,27,26,26,76,59,52,20
75,58,51,20,27,27,26,25,57,88,109,22,105,110,90,31
27,27,26,25,105,110,90,31,74,57,51,20,57,89,109,22
57,89,109,23,74,57,51,20,105,110,90,31,27,27,26,24
104,110,90,31,75,56,51,20,56,88,108,23,27,27,26,24
104,110,90,32,27,27,26,24,74,55,50,20,56,88,108,23
55,87,108,22,27,27,26,24,75,55,49,20,104,110,91,32
76,55,49,20,27,27,26,24,54,87,107,22,103,111,92,32
103,111,92,31,55,87,107,22,28,28,26,25,78,56,49,20
27,27,26,24,75,55,49,20,103,111,92,31,55,87,107,22
28,28,27,26,79,58,50,20,54,87,107,22,103,112,93,30
55,88,108,22,104,111,91,31,74,55,49,21,26,27,25,25
105,110,89,30,57,90,109,23,25,26,24,23,69,53,49,22
55,88,108,22,26,27,26,25,104,111,91,30,74,56,49,21
67,53,50,23,25,25,23,23,105,110,88,30,58,91,110,23
56,88,108,23,73,55,49,21,26,26,25,25,104,111,90,30
56,88,108,23,104,111,91,29,75,56,49,21,26,27,26,25
26,26,25,24,57,89,109,23,73,55,49,21,105,111,90,29
105,111,90,29,73,55,49,21,57,89,109,23,26,26,26,24
104,111,91,29,74,55,49,21,56,88,109,23,26,26,26,25
104,111,91,29,56,88,109,23,74,55,49,21,26,26,26,25
104,112,93,29,78,58,50,21,28,27,27,26,55,87,109,22
104,111,91,29,56,88,109,23,27,27,26,25,75,56,49,21
74,56,49,21,27,26,26,25,104,111,91,29,56,88,109,23
56,88,109,23,104,111,91,29,74,56,49,21,27,26,26,25
104,110,90,29,56,89,110,23,74,56,49,21,27,26,26,25
74,56,50,21,104,110,90,29,28,26,26,25,57,90,110,23
105,110,89,29,74,56,50,21,58,91,111,23,28,26,26,25
104,110,89,30,57,90,110,23,28,26,26,25,74,56,49,21
105,109,87,30,70,55,50,22,27,24,25,24,60,93,112,23
69,54,51,23,26,24,25,23,61,94,113,23,105,109,86,30
70,55,51,22,105,109,86,29,61,94,113,23,27,24,25,24
27,24,25,23,71,55,50,22,105,109,86,29,61,94,113,23
60,93,112,23,105,111,89,28,29,26,27,26,78,59,50,21
29,25,27,25,76,58,51,22,61,93,112,23,105,111,88,28
64,96,113,23,69,54,50,23,106,109,84,29,25,22,22,23
25,22,22,23,69,54,49,23,105,109,85,30,63,95,113,22
71,55,50,23,26,23,23,24,105,110,85,30,63,96,113,22
26,24,24,24,63,95,113,21,74,56,50,23,105,111,87,30
69,53,50,24,25,22,22,22,65,97,113,22,106,109,84,30
105,111,88,30,27,24,25,25,62,93,112,21,76,57,50,22
70,53,49,24,105,109,85,31,25,23,23,22,64,95,112,21
27,24,25,24,105,111,87,29,64,95,112,21,75,56,50,23
27,24,23,23,67,98,113,22,70,54,51,24,106,109,83,29
26,23,23,22,68,99,113,23,69,53,50,24,106,108,82,29
105,111,87,29,29,26,26,25,78,58,49,23,65,96,112,21
62,50,52,24,105,97,63,21,83,108,110,33,27,23,22,20
106,101,68,22,27,24,23,21,81,107,111,31,66,52,52,24
104,96,63,21,84,108,110,33,62,49,51,24,26,23,22,20
62,50,52,24,84,108,109,34,104,96,63,21,27,23,22,20
104,96,61,18,63,50,50,24,25,22,21,21,86,109,108,35
105,114,91,29,82,61,48,23,30,26,26,27,65,96,110,19
26,22,21,21,87,110,108,35,104,95,61,19,63,50,50,24
78,71,57,26,30,27,26,26,92,110,102,43,103,15,24,3
62,50,51,24,104,95,61,19,26,22,21,20,87,110,108,35
105,97,62,19,87,109,109,35,63,51,51,24,27,22,21,20
64,51,50,24,86,109,109,35,27,22,21,20,105,98,63,20
65,96,110,20,83,61,49,23,105,114,91,30,31,27,26,25
32,28,27,26,105,114,92,30,85,63,49,22,65,96,110,20
65,51,51,23,28,23,22,20,105,97,63,20,86,109,109,36
65,50,49,23,105,96,62,19,27,23,22,19,86,109,109,37
87,109,108,38,104,94,60,19,64,50,49,22,27,23,22,19
64,94,109,19,104,114,95,30,88,65,49,22,34,28,28,27
104,94,60,19,64,50,49,22,27,23,21,19,86,108,108,38
64,95,109,20,33,28,27,26,86,64,49,23,105,114,94,30
65,51,50,22,105,95,61,19,28,23,22,19,86,108,109,37
65,52,51,22,28,23,22,19,105,95,61,19,86,108,109,37
86,109,109,38,63,52,51,22,105,94,60,19,27,23,22,19
103,115,97,30,33,29,28,26,89,68,50,23,62,94,109,19
103,115,97,29,89,69,50,23,63,94,109,19,33,29,28,27
86,109,109,39,104,93,59,19,27,23,22,19,61,52,52,21
106,112,89,29,68,100,111,22,29,26,26,23,77,60,50,23
60,51,52,22,104,93,60,19,85,108,109,39,26,22,21,19
104,92,59,18,86,109,108,39,60,51,52,21,26,22,21,19
105,112,91,29,79,61,51,23,67,100,111,22,30,26,26,24
85,109,108,39,104,93,60,18,61,51,52,21,26,23,22,20
104,92,59,18,59,51,52,22,86,109,108,39,26,22,21,20
86,109,108,38,105,93,59,18,27,23,22,20,60,53,54,21
61,53,54,22,27,23,22,20,85,109,109,37,105,96,62,19
29,26,26,24,68,100,111,21,105,112,89,30,75,61,52,23
59,87,104,16,99,115,100,32,90,71,51,22,32,29,28,28
59,53,55,22,104,95,60,18,27,23,21,21,86,109,108,37
104,94,59,19,86,110,108,37,58,53,55,22,26,24,21,21
105,97,60,19,86,110,109,35,61,56,57,22,28,25,23,22
58,52,54,22,104,94,58,19,26,24,21,21,87,109,107,37
87,110,107,36,104,95,59,19,27,24,21,21,58,53,55,22
87,110,107,36,27,24,22,21,105,95,59,19,59,54,56,21
105,96,59,19,59,55,57,21,27,24,21,21,87,110,107,36
58,54,56,21,26,24,21,21,87,110,107,36,105,95,59,20
87,110,108,36,26,24,21,22,59,54,57,21,105,97,60,19
104,95,59,19,88,110,107,36,57,53,56,21,26,23,21,21
104,95,59,20,88,110,107,37,57,54,56,21,26,24,21,20
89,110,107,37,27,24,22,21,57,55,57,21,104,94,58,19
32,30,29,28,102,115,97,31,91,73,50,21,63,91,105,18
89,110,107,38,27,24,22,20,56,55,57,20,104,92,57,19
89,111,107,38,104,90,55,19,55,60,63,18,31,25,23,22
104,91,57,19,88,110,107,38,56,56,58,20,29,24,22,21
56,59,61,19,104,91,56,19,88,110,107,38,31,25,23,22
57,55,57,20,29,24,22,20,87,110,108,38,104,93,59,20
87,110,108,38,57,55,57,19,104,92,59,20,29,24,22,20
105,94,60,20,58,56,58,20,87,110,109,38,29,24,22,20
89,110,107,39,104,88,56,19,53,59,63,18,33,24,23,22
60,53,54,20,105,94,61,19,28,24,22,20,86,109,109,38
58,51,53,21,104,92,60,19,87,109,108,39,27,23,20,20
52,61,66,16,103,80,52,17,90,110,106,41,32,25,22,23
59,51,53,20,87,109,108,40,27,23,20,20,105,92,60,18
29,28,26,26,68,97,110,22,104,113,92,30,84,60,48,21
104,93,62,18,86,109,109,39,61,49,50,21,24,23,20,19
61,50,51,21,25,23,20,20,104,94,63,18,86,109,109,39
61,51,53,21,105,94,63,18,26,23,20,20,87,109,109,39
53,55,57,18,89,109,107,42,27,22,19,21,103,84,54,17
23,22,19,19,104,94,63,18,61,50,51,21,87,109,109,40
70,99,112,23,76,57,49,22,26,25,23,22,105,112,91,31
87,109,109,41,63,49,50,20,105,94,64,18,23,23,20,18
69,100,113,24,27,26,25,21,105,112,91,32,78,58,50,21
105,96,65,19,61,53,54,20,85,110,110,41,26,23,21,18
85,110,109,39,28,24,20,19,56,56,59,21,106,96,65,18
104,92,61,18,49,61,66,19,31,25,21,21,87,111,108,40
87,111,109,39,105,94,63,19,49,61,65,20,30,25,21,21
87,111,109,39,105,95,63,19,49,59,63,20,29,25,20,21
87,111,109,38,50,60,65,21,105,95,63,18,30,26,21,21
30,26,21,21,51,59,64,21,105,97,66,19,87,110,110,37
52,58,62,22,86,110,110,37,28,25,20,21,105,98,68,18
28,25,20,22,47,59,65,19,103,89,62,17,88,110,108,39
24,25,19,22,59,56,57,23,107,109,86,29,73,103,113,24
23,24,19,22,58,55,57,23,108,106,80,25,79,106,113,28
105,94,65,16,53,55,59,22,23,24,19,23,89,110,109,37
108,109,87,29,73,102,113,23,22,25,20,24,61,55,54,23
105,95,68,17,54,53,56,22,88,109,110,36,22,24,19,23
88,109,110,36,54,52,54,22,105,94,68,17,21,23,19,23
63,54,52,21,21,24,20,25,107,109,89,29,71,100,112,22
82,107,112,32,108,102,77,20,21,24,19,25,59,54,55,21
105,94,68,16,20,23,18,24,54,53,55,21,86,109,110,37
53,53,54,21,104,93,66,15,20,23,18,24,87,109,110,38
108,108,87,26,22,25,20,26,74,103,113,25,61,58,55,21
106,110,92,29,63,59,55,21,69,100,113,22,22,25,21,26
106,110,91,29,61,58,56,21,22,24,20,26,70,101,113,22
53,55,58,21,104,95,70,16,22,23,19,24,86,109,111,37
104,96,71,17,85,108,111,36,53,54,57,22,21,23,19,24
54,56,59,22,104,96,71,17,85,108,111,35,22,23,20,25
106,110,93,28,64,60,56,23,68,98,113,21,23,24,21,27
86,108,111,35,103,93,69,16,53,56,58,22,22,23,20,25
63,59,54,23,66,96,113,20,105,110,94,29,22,24,21,27
22,24,21,27,104,110,96,30,64,59,53,22,63,94,112,19
105,109,94,27,66,97,114,21,62,57,53,23,21,23,20,27
85,107,112,36,51,51,53,22,100,90,68,16,19,21,18,25
100,90,68,15,51,52,54,22,19,21,18,25,85,107,112,36
49,50,53,21,19,21,18,25,85,107,111,37,97,87,66,15
60,56,53,24,20,23,20,28,106,107,93,25,68,99,115,22
20,23,21,29,63,57,53,24,66,97,114,20,105,109,96,25
45,48,50,21,93,76,65,15,18,21,17,24,86,107,110,38
61,55,53,24,67,98,114,21,20,23,20,28,105,108,95,24
80,73,68,18,88,107,109,38,44,42,42,21,16,19,16,20
64,56,53,24,22,24,22,28,66,97,114,21,105,109,96,25
22,23,21,27,66,97,114,22,63,55,53,24,105,109,95,26
22,23,21,27,105,109,95,26,66,97,115,22,63,55,54,24
64,55,53,23,66,97,114,22,105,109,95,26,22,23,21,26
64,55,53,23,23,23,21,26,105,109,95,27,65,96,114,22
65,55,53,23,105,109,95,27,23,23,22,26,65,96,114,22
24,24,23,26,67,56,53,22,64,95,114,22,104,110,95,28
23,23,22,25,65,96,114,22,64,54,53,23,105,109,93,28
64,95,114,22,66,55,53,23,24,23,22,25,105,109,93,28
66,55,53,23,64,95,114,22,105,109,93,28,25,23,23,26
106,108,92,28,65,54,53,23,65,95,114,22,24,23,22,25
24,23,22,26,66,96,114,22,106,108,92,28,65,54,52,23
106,109,94,28,25,23,23,27,67,55,52,23,65,95,114,21
24,23,22,27,106,109,93,28,67,96,114,20,65,54,52,23
106,109,93,28,24,23,22,27,68,97,114,20,65,53,52,23
107,108,91,27,70,99,114,20,24,23,22,28,65,53,52,23
61,52,52,23,84,107,113,29,23,22,21,27,107,99,77,19
65,54,51,23,107,108,90,26,22,22,20,30,73,100,114,19
101,88,67,16,55,47,47,22,90,109,109,33,20,20,17,27
96,107,99,42,64,59,56,22,22,22,20,32,99,18,26,2
99,86,66,17,53,45,45,23,18,19,16,28,93,111,108,30
51,43,44,23,17,17,15,28,95,111,107,29,97,83,65,18
48,41,41,23,98,111,103,29,15,16,14,28,92,78,63,18
48,41,41,23,14,15,14,29,92,77,63,18,99,111,102,28
15,16,15,33,99,84,65,17,53,45,45,24,98,112,104,24
12,14,13,30,103,109,94,29,77,67,63,17,45,37,36,22
13,15,13,33,102,111,100,22,91,77,64,18,49,41,41,24
39,33,32,22,72,61,59,19,10,12,11,29,104,106,92,27
38,33,32,22,104,105,91,26,10,12,11,31,72,60,58,19
73,60,58,19,37,33,34,22,10,12,11,32,105,105,91,25
42,37,42,24,104,107,96,20,12,14,13,36,85,69,60,18
33,31,37,22,71,58,56,19,11,12,11,32,104,103,89,24
104,103,89,23,33,31,41,22,12,13,12,34,73,58,56,19
13,14,13,37,35,33,45,22,104,103,89,21,76,60,57,18
32,30,41,22,104,102,87,21,12,13,12,36,71,58,56,19
34,32,44,22,13,14,13,38,104,103,89,20,75,60,58,18
31,30,45,20,13,14,13,39,71,57,55,19,103,101,87,21
9,17,87,4,101,98,84,24,16,16,15,46,59,48,47,25
30,30,44,19,104,102,87,20,14,14,13,39,71,57,56,19
105,103,88,19,75,60,58,18,14,14,13,42,33,32,47,20
32,31,44,20,105,103,87,19,14,14,13,41,73,60,58,18
32,32,46,19,15,15,14,43,73,60,58,17,105,103,87,19
30,29,44,19,69,59,57,18,14,14,13,41,105,102,86,19
72,62,59,16,31,32,48,19,106,104,87,18,15,15,14,45
32,32,46,19,106,104,86,17,71,63,60,16,15,15,14,46
17,17,16,53,7,14,87,3,56,52,50,21,102,99,83,20
63,60,59,17,28,28,38,22,13,14,12,42,104,102,85,18
